{
    "$schema": "http://schema.management.azure.com/schemas/2015-01-01/deploymentTemplate.json#",
    "contentVersion": "1.0.0.0",
    "parameters": {
        "factoryName": {
            "type": "string",
            "metadata": "Data Factory-naam",
            "defaultValue": "WB-DF-Middleware-PROD"
        },
        "LS_TopDesk_password": {
            "type": "secureString",
            "metadata": "Beveiligde tekenreeks voor password van LS_TopDesk"
        },
        "LS_SQL_Middleware_connectionString": {
            "type": "secureString",
            "metadata": "Beveiligde tekenreeks voor connectionString van LS_SQL_Middleware"
        },
        "LS_Cosmos_Middleware_connectionString": {
            "type": "secureString",
            "metadata": "Beveiligde tekenreeks voor connectionString van LS_Cosmos_Middleware"
        },
        "LS_Storage_Middleware_connectionString": {
            "type": "secureString",
            "metadata": "Beveiligde tekenreeks voor connectionString van LS_Storage_Middleware"
        },
        "When New Sentinel Incident Is Registered_properties_typeProperties_scope": {
            "type": "string",
            "defaultValue": "/subscriptions/722c12b9-7929-4f72-ad03-f945dbdbdb53/resourceGroups/WB-RSG_Middleware_Databases_PROD/providers/Microsoft.Storage/storageAccounts/sawbmiddlewareprod"
        },
        "LS_TopDesk_properties_typeProperties_url": {
            "type": "string",
            "defaultValue": "https://servicedesk-woonbedrijf.topdesk.net/tas/api"
        },
        "LS_TopDesk_properties_typeProperties_userName": {
            "type": "string",
            "defaultValue": "fa_api_topdesk"
        },
        "LS_Guardian360_properties_typeProperties_url": {
            "type": "string",
            "defaultValue": "https://api.guardian360.dev/api/V1"
        },
        "EP-DWH-COsmosDB-PROD_properties_privateLinkResourceId": {
            "type": "string",
            "defaultValue": "/subscriptions/722c12b9-7929-4f72-ad03-f945dbdbdb53/resourceGroups/WB-RSG_Middleware_Databases_PROD/providers/Microsoft.DocumentDb/databaseAccounts/wb-cosmosdb-middleware-prod"
        },
        "EP-DWH-COsmosDB-PROD_properties_groupId": {
            "type": "string",
            "defaultValue": "Sql"
        },
        "EP-DWH-COsmosDB-PROD_properties_fqdns": {
            "type": "array",
            "defaultValue": [
                "wb-cosmosdb-middleware-prod-westeurope.documents.azure.com"
            ]
        },
        "EP-DWH-SQL-PROD_properties_privateLinkResourceId": {
            "type": "string",
            "defaultValue": "/subscriptions/722c12b9-7929-4f72-ad03-f945dbdbdb53/resourceGroups/WB-RSG_Middleware_Databases_PROD/providers/Microsoft.Sql/servers/wb-sqlserver-middleware-prod"
        },
        "EP-DWH-SQL-PROD_properties_groupId": {
            "type": "string",
            "defaultValue": "sqlServer"
        },
        "EP-DWH-SQL-PROD_properties_fqdns": {
            "type": "array",
            "defaultValue": [
                "wb-sqlserver-middleware-prod.database.windows.net"
            ]
        },
        "EP-DWH-CosmosDB-DEV_properties_privateLinkResourceId": {
            "type": "string",
            "defaultValue": "/subscriptions/722c12b9-7929-4f72-ad03-f945dbdbdb53/resourceGroups/WB-RSG_Middleware_Databases_DEV/providers/Microsoft.DocumentDb/databaseAccounts/wb-cosmosdb-middleware-dev"
        },
        "EP-DWH-CosmosDB-DEV_properties_groupId": {
            "type": "string",
            "defaultValue": "Sql"
        },
        "EP-DWH-SQL-DEV_properties_privateLinkResourceId": {
            "type": "string",
            "defaultValue": "/subscriptions/722c12b9-7929-4f72-ad03-f945dbdbdb53/resourceGroups/WB-RSG_Middleware_Databases_DEV/providers/Microsoft.Sql/servers/wb-sqlserver-middleware-dev"
        },
        "EP-DWH-SQL-DEV_properties_groupId": {
            "type": "string",
            "defaultValue": "sqlServer"
        },
        "EP-DWH-SQL-DEV_properties_fqdns": {
            "type": "array",
            "defaultValue": [
                "wb-sqlserver-middleware-dev.database.windows.net"
            ]
        }
    },
    "variables": {
        "factoryId": "[concat('Microsoft.DataFactory/factories/', parameters('factoryName'))]"
    },
    "resources": [
        {
            "name": "[concat(parameters('factoryName'), '/When New Sentinel Incident Is Registered')]",
            "type": "Microsoft.DataFactory/factories/triggers",
            "apiVersion": "2018-06-01",
            "properties": {
                "description": "When a new message arrives on the Storage from the Sentinel Incident watcher, this trigger triggers",
                "annotations": [],
                "runtimeState": "Stopped",
                "pipelines": [],
                "type": "BlobEventsTrigger",
                "typeProperties": {
                    "blobPathBeginsWith": "/sentinel-staging-in/blobs/",
                    "ignoreEmptyBlobs": false,
                    "scope": "[parameters('When New Sentinel Incident Is Registered_properties_typeProperties_scope')]",
                    "events": [
                        "Microsoft.Storage.BlobCreated"
                    ]
                }
            },
            "dependsOn": []
        },
        {
            "name": "[concat(parameters('factoryName'), '/default')]",
            "type": "Microsoft.DataFactory/factories/managedVirtualNetworks",
            "apiVersion": "2018-06-01",
            "properties": {},
            "dependsOn": []
        },
        {
            "name": "[concat(parameters('factoryName'), '/TopDesk_TestCreateTicket')]",
            "type": "Microsoft.DataFactory/factories/pipelines",
            "apiVersion": "2018-06-01",
            "properties": {
                "activities": [
                    {
                        "name": "Web1",
                        "type": "WebActivity",
                        "dependsOn": [],
                        "policy": {
                            "timeout": "7.00:00:00",
                            "retry": 0,
                            "retryIntervalInSeconds": 30,
                            "secureOutput": false,
                            "secureInput": false
                        },
                        "userProperties": [],
                        "typeProperties": {
                            "url": "https://servicedesk-woonbedrijf.topdesk.net/tas/api/incidents",
                            "method": "POST",
                            "headers": {
                                "Authorization": "Basic YWFfc29jX2sudmFuZGVycGFzY2hAd29vbmJlZHJpamYuY29tOjdhaHYyLTVqYXFjLXo0Y3ZhLTVzcnB2LWR1YnZr"
                            },
                            "body": {
                                "caller": {
                                    "dynamicName": "Guardian360"
                                },
                                "status": "firstLine",
                                "briefDescription": "Hacker alert",
                                "request": "Source host, Source port, Destination port, hackerAlertAppliance",
                                "callType": {
                                    "name": "Monitoring Alert"
                                },
                                "category": {
                                    "name": "Informatiebeveiliging"
                                },
                                "subcategory": {
                                    "name": "A12.6 technische kwetsbaarheid "
                                },
                                "externalNumber": "49fe7c14-44dc-49f0-8207-1fadc38bb29c"
                            }
                        }
                    }
                ],
                "policy": {
                    "elapsedTimeMetric": {},
                    "cancelAfter": {}
                },
                "folder": {
                    "name": "DEV"
                },
                "annotations": [],
                "lastPublishTime": "2021-12-08T09:39:14Z"
            },
            "dependsOn": []
        },
        {
            "name": "[concat(parameters('factoryName'), '/G360HackerAlerts_0_GetToken')]",
            "type": "Microsoft.DataFactory/factories/pipelines",
            "apiVersion": "2018-06-01",
            "properties": {
                "activities": [
                    {
                        "name": "GetBearerToken",
                        "type": "WebActivity",
                        "dependsOn": [],
                        "policy": {
                            "timeout": "7.00:00:00",
                            "retry": 0,
                            "retryIntervalInSeconds": 30,
                            "secureOutput": false,
                            "secureInput": false
                        },
                        "userProperties": [],
                        "typeProperties": {
                            "url": "https://api.guardian360.dev/oauth/token",
                            "method": "POST",
                            "headers": {
                                "Content-Type": "application/json"
                            },
                            "body": {
                                "grant_type": "client_credentials",
                                "client_id": "02aedbb5-a4d5-468a-ba22-59f4b0a23f14",
                                "client_secret": "cJbI6CyzyTLc0OIaw0hsDV8wDaqVuVMD9FGLMhV1"
                            }
                        }
                    }
                ],
                "policy": {
                    "elapsedTimeMetric": {},
                    "cancelAfter": {}
                },
                "folder": {
                    "name": "Guardian360_To_TopDesk/Generic"
                },
                "annotations": [],
                "lastPublishTime": "2021-12-08T09:39:14Z"
            },
            "dependsOn": []
        },
        {
            "name": "[concat(parameters('factoryName'), '/LS_TopDesk')]",
            "type": "Microsoft.DataFactory/factories/linkedServices",
            "apiVersion": "2018-06-01",
            "properties": {
                "annotations": [],
                "type": "RestService",
                "typeProperties": {
                    "url": "[parameters('LS_TopDesk_properties_typeProperties_url')]",
                    "enableServerCertificateValidation": true,
                    "authenticationType": "Basic",
                    "userName": "[parameters('LS_TopDesk_properties_typeProperties_userName')]",
                    "password": {
                        "type": "SecureString",
                        "value": "[parameters('LS_TopDesk_password')]"
                    }
                }
            },
            "dependsOn": []
        },
        {
            "name": "[concat(parameters('factoryName'), '/LS_Guardian360')]",
            "type": "Microsoft.DataFactory/factories/linkedServices",
            "apiVersion": "2018-06-01",
            "properties": {
                "description": "Access to the Guardian360 API.\nThis does not need a private runtime since it's reading from a public source.",
                "annotations": [],
                "type": "RestService",
                "typeProperties": {
                    "url": "[parameters('LS_Guardian360_properties_typeProperties_url')]",
                    "enableServerCertificateValidation": true,
                    "authenticationType": "Anonymous"
                }
            },
            "dependsOn": []
        },
        {
            "name": "[concat(parameters('factoryName'), '/MiddlewareRuntime')]",
            "type": "Microsoft.DataFactory/factories/integrationRuntimes",
            "apiVersion": "2018-06-01",
            "properties": {
                "type": "Managed",
                "typeProperties": {
                    "computeProperties": {
                        "location": "West Europe",
                        "dataFlowProperties": {
                            "computeType": "General",
                            "coreCount": 16,
                            "timeToLive": 10,
                            "cleanup": true
                        }
                    }
                },
                "managedVirtualNetwork": {
                    "type": "ManagedVirtualNetworkReference",
                    "referenceName": "default"
                }
            },
            "dependsOn": [
                "[concat(variables('factoryId'), '/managedVirtualNetworks/default')]"
            ]
        },
        {
            "name": "[concat(parameters('factoryName'), '/TopDesk_Incidents')]",
            "type": "Microsoft.DataFactory/factories/datasets",
            "apiVersion": "2018-06-01",
            "properties": {
                "linkedServiceName": {
                    "referenceName": "LS_TopDesk",
                    "type": "LinkedServiceReference"
                },
                "folder": {
                    "name": "TopDesk"
                },
                "annotations": [],
                "type": "RestResource",
                "typeProperties": {
                    "relativeUrl": "incidents/"
                },
                "schema": []
            },
            "dependsOn": [
                "[concat(variables('factoryId'), '/linkedServices/LS_TopDesk')]"
            ]
        },
        {
            "name": "[concat(parameters('factoryName'), '/Guardian360_Issues')]",
            "type": "Microsoft.DataFactory/factories/datasets",
            "apiVersion": "2018-06-01",
            "properties": {
                "linkedServiceName": {
                    "referenceName": "LS_Guardian360",
                    "type": "LinkedServiceReference"
                },
                "folder": {
                    "name": "Guardian360"
                },
                "annotations": [],
                "type": "RestResource",
                "typeProperties": {
                    "relativeUrl": "issues?include[open_critical]=1&include[open_high]=1&search=company_id:3c25bf77-8d1f-4025-8e1d-4089b73f2786"
                },
                "schema": []
            },
            "dependsOn": [
                "[concat(variables('factoryId'), '/linkedServices/LS_Guardian360')]"
            ]
        },
        {
            "name": "[concat(parameters('factoryName'), '/Guardian360_HackerAlerts')]",
            "type": "Microsoft.DataFactory/factories/datasets",
            "apiVersion": "2018-06-01",
            "properties": {
                "linkedServiceName": {
                    "referenceName": "LS_Guardian360",
                    "type": "LinkedServiceReference"
                },
                "folder": {
                    "name": "Guardian360"
                },
                "annotations": [],
                "type": "RestResource",
                "typeProperties": {
                    "relativeUrl": "hacker-alerts"
                },
                "schema": []
            },
            "dependsOn": [
                "[concat(variables('factoryId'), '/linkedServices/LS_Guardian360')]"
            ]
        },
        {
            "name": "[concat(parameters('factoryName'), '/Guardian360_AuthToken')]",
            "type": "Microsoft.DataFactory/factories/datasets",
            "apiVersion": "2018-06-01",
            "properties": {
                "linkedServiceName": {
                    "referenceName": "LS_Guardian360",
                    "type": "LinkedServiceReference"
                },
                "folder": {
                    "name": "Guardian360"
                },
                "annotations": [],
                "type": "RestResource",
                "typeProperties": {
                    "relativeUrl": "/oauth/token"
                },
                "schema": []
            },
            "dependsOn": [
                "[concat(variables('factoryId'), '/linkedServices/LS_Guardian360')]"
            ]
        },
        {
            "name": "[concat(parameters('factoryName'), '/Guardian360_IssueDetails')]",
            "type": "Microsoft.DataFactory/factories/datasets",
            "apiVersion": "2018-06-01",
            "properties": {
                "linkedServiceName": {
                    "referenceName": "LS_Guardian360",
                    "type": "LinkedServiceReference"
                },
                "parameters": {
                    "ID": {
                        "type": "string"
                    }
                },
                "folder": {
                    "name": "Guardian360"
                },
                "annotations": [],
                "type": "RestResource",
                "typeProperties": {
                    "relativeUrl": {
                        "value": "@concat('issues/show/', dataset().ID)",
                        "type": "Expression"
                    }
                },
                "schema": []
            },
            "dependsOn": [
                "[concat(variables('factoryId'), '/linkedServices/LS_Guardian360')]"
            ]
        },
        {
            "name": "[concat(parameters('factoryName'), '/Guardian360_IssuesDetail')]",
            "type": "Microsoft.DataFactory/factories/datasets",
            "apiVersion": "2018-06-01",
            "properties": {
                "linkedServiceName": {
                    "referenceName": "LS_Guardian360",
                    "type": "LinkedServiceReference"
                },
                "parameters": {
                    "ID": {
                        "type": "string"
                    }
                },
                "folder": {
                    "name": "Guardian360"
                },
                "annotations": [],
                "type": "RestResource",
                "typeProperties": {
                    "relativeUrl": {
                        "value": "@concat('issues/show/', dataset().ID)",
                        "type": "Expression"
                    }
                },
                "schema": []
            },
            "dependsOn": [
                "[concat(variables('factoryId'), '/linkedServices/LS_Guardian360')]"
            ]
        },
        {
            "name": "[concat(parameters('factoryName'), '/default/EP-DWH-COsmosDB-PROD')]",
            "type": "Microsoft.DataFactory/factories/managedVirtualNetworks/managedPrivateEndpoints",
            "apiVersion": "2018-06-01",
            "properties": {
                "privateLinkResourceId": "[parameters('EP-DWH-COsmosDB-PROD_properties_privateLinkResourceId')]",
                "groupId": "[parameters('EP-DWH-COsmosDB-PROD_properties_groupId')]",
                "fqdns": "[parameters('EP-DWH-COsmosDB-PROD_properties_fqdns')]"
            },
            "dependsOn": [
                "[concat(variables('factoryId'), '/managedVirtualNetworks/default')]"
            ]
        },
        {
            "name": "[concat(parameters('factoryName'), '/default/EP-DWH-SQL-PROD')]",
            "type": "Microsoft.DataFactory/factories/managedVirtualNetworks/managedPrivateEndpoints",
            "apiVersion": "2018-06-01",
            "properties": {
                "privateLinkResourceId": "[parameters('EP-DWH-SQL-PROD_properties_privateLinkResourceId')]",
                "groupId": "[parameters('EP-DWH-SQL-PROD_properties_groupId')]",
                "fqdns": "[parameters('EP-DWH-SQL-PROD_properties_fqdns')]"
            },
            "dependsOn": [
                "[concat(variables('factoryId'), '/managedVirtualNetworks/default')]"
            ]
        },
        {
            "name": "[concat(parameters('factoryName'), '/default/EP-DWH-CosmosDB-DEV')]",
            "type": "Microsoft.DataFactory/factories/managedVirtualNetworks/managedPrivateEndpoints",
            "apiVersion": "2018-06-01",
            "properties": {
                "privateLinkResourceId": "[parameters('EP-DWH-CosmosDB-DEV_properties_privateLinkResourceId')]",
                "groupId": "[parameters('EP-DWH-CosmosDB-DEV_properties_groupId')]"
            },
            "dependsOn": [
                "[concat(variables('factoryId'), '/managedVirtualNetworks/default')]"
            ]
        },
        {
            "name": "[concat(parameters('factoryName'), '/default/EP-DWH-SQL-DEV')]",
            "type": "Microsoft.DataFactory/factories/managedVirtualNetworks/managedPrivateEndpoints",
            "apiVersion": "2018-06-01",
            "properties": {
                "privateLinkResourceId": "[parameters('EP-DWH-SQL-DEV_properties_privateLinkResourceId')]",
                "groupId": "[parameters('EP-DWH-SQL-DEV_properties_groupId')]",
                "fqdns": "[parameters('EP-DWH-SQL-DEV_properties_fqdns')]"
            },
            "dependsOn": [
                "[concat(variables('factoryId'), '/managedVirtualNetworks/default')]"
            ]
        },
        {
            "name": "[concat(parameters('factoryName'), '/LS_SQL_Middleware')]",
            "type": "Microsoft.DataFactory/factories/linkedServices",
            "apiVersion": "2018-06-01",
            "properties": {
                "annotations": [],
                "type": "AzureSqlDatabase",
                "typeProperties": {
                    "connectionString": "[parameters('LS_SQL_Middleware_connectionString')]"
                },
                "connectVia": {
                    "referenceName": "MiddlewareRuntime",
                    "type": "IntegrationRuntimeReference"
                }
            },
            "dependsOn": [
                "[concat(variables('factoryId'), '/integrationRuntimes/MiddlewareRuntime')]"
            ]
        },
        {
            "name": "[concat(parameters('factoryName'), '/LS_Cosmos_Middleware')]",
            "type": "Microsoft.DataFactory/factories/linkedServices",
            "apiVersion": "2018-06-01",
            "properties": {
                "annotations": [],
                "type": "CosmosDb",
                "typeProperties": {
                    "connectionString": "[parameters('LS_Cosmos_Middleware_connectionString')]"
                },
                "connectVia": {
                    "referenceName": "MiddlewareRuntime",
                    "type": "IntegrationRuntimeReference"
                }
            },
            "dependsOn": [
                "[concat(variables('factoryId'), '/integrationRuntimes/MiddlewareRuntime')]"
            ]
        },
        {
            "name": "[concat(parameters('factoryName'), '/LS_Storage_Middleware')]",
            "type": "Microsoft.DataFactory/factories/linkedServices",
            "apiVersion": "2018-06-01",
            "properties": {
                "annotations": [],
                "type": "AzureBlobStorage",
                "typeProperties": {
                    "connectionString": "[parameters('LS_Storage_Middleware_connectionString')]"
                },
                "connectVia": {
                    "referenceName": "MiddlewareRuntime",
                    "type": "IntegrationRuntimeReference"
                }
            },
            "dependsOn": [
                "[concat(variables('factoryId'), '/integrationRuntimes/MiddlewareRuntime')]"
            ]
        }
    ]
}