{
    "$schema": "http://schema.management.azure.com/schemas/2015-01-01/deploymentTemplate.json#",
    "contentVersion": "1.0.0.0",
    "parameters": {
        "factoryName": {
            "type": "string",
            "metadata": "Data Factory-naam",
            "defaultValue": "WB-DF-Middleware-PROD"
        },
        "LS_TopDesk_password": {
            "type": "secureString",
            "metadata": "Beveiligde tekenreeks voor password van LS_TopDesk"
        },
        "LS_SQL_Middleware_connectionString": {
            "type": "secureString",
            "metadata": "Beveiligde tekenreeks voor connectionString van LS_SQL_Middleware"
        },
        "LS_Cosmos_Middleware_connectionString": {
            "type": "secureString",
            "metadata": "Beveiligde tekenreeks voor connectionString van LS_Cosmos_Middleware"
        },
        "LS_Storage_Middleware_connectionString": {
            "type": "secureString",
            "metadata": "Beveiligde tekenreeks voor connectionString van LS_Storage_Middleware"
        },
        "When New Sentinel Incident Is Registered_properties_typeProperties_scope": {
            "type": "string",
            "defaultValue": "/subscriptions/722c12b9-7929-4f72-ad03-f945dbdbdb53/resourceGroups/WB-RSG_Middleware_Databases_PROD/providers/Microsoft.Storage/storageAccounts/sawbmiddlewareprod"
        },
        "LS_TopDesk_properties_typeProperties_url": {
            "type": "string",
            "defaultValue": "https://servicedesk-woonbedrijf.topdesk.net/tas/api"
        },
        "LS_TopDesk_properties_typeProperties_userName": {
            "type": "string",
            "defaultValue": "fa_api_topdesk"
        },
        "LS_Guardian360_properties_typeProperties_url": {
            "type": "string",
            "defaultValue": "https://api.guardian360.dev/api/V1"
        },
        "EP-DWH-COsmosDB-PROD_properties_privateLinkResourceId": {
            "type": "string",
            "defaultValue": "/subscriptions/722c12b9-7929-4f72-ad03-f945dbdbdb53/resourceGroups/WB-RSG_Middleware_Databases_PROD/providers/Microsoft.DocumentDb/databaseAccounts/wb-cosmosdb-middleware-prod"
        },
        "EP-DWH-COsmosDB-PROD_properties_groupId": {
            "type": "string",
            "defaultValue": "Sql"
        },
        "EP-DWH-COsmosDB-PROD_properties_fqdns": {
            "type": "array",
            "defaultValue": [
                "wb-cosmosdb-middleware-prod-westeurope.documents.azure.com"
            ]
        },
        "EP-DWH-SQL-PROD_properties_privateLinkResourceId": {
            "type": "string",
            "defaultValue": "/subscriptions/722c12b9-7929-4f72-ad03-f945dbdbdb53/resourceGroups/WB-RSG_Middleware_Databases_PROD/providers/Microsoft.Sql/servers/wb-sqlserver-middleware-prod"
        },
        "EP-DWH-SQL-PROD_properties_groupId": {
            "type": "string",
            "defaultValue": "sqlServer"
        },
        "EP-DWH-SQL-PROD_properties_fqdns": {
            "type": "array",
            "defaultValue": [
                "wb-sqlserver-middleware-prod.database.windows.net"
            ]
        },
        "EP-DWH-CosmosDB-DEV_properties_privateLinkResourceId": {
            "type": "string",
            "defaultValue": "/subscriptions/722c12b9-7929-4f72-ad03-f945dbdbdb53/resourceGroups/WB-RSG_Middleware_Databases_DEV/providers/Microsoft.DocumentDb/databaseAccounts/wb-cosmosdb-middleware-dev"
        },
        "EP-DWH-CosmosDB-DEV_properties_groupId": {
            "type": "string",
            "defaultValue": "Sql"
        },
        "EP-DWH-SQL-DEV_properties_privateLinkResourceId": {
            "type": "string",
            "defaultValue": "/subscriptions/722c12b9-7929-4f72-ad03-f945dbdbdb53/resourceGroups/WB-RSG_Middleware_Databases_DEV/providers/Microsoft.Sql/servers/wb-sqlserver-middleware-dev"
        },
        "EP-DWH-SQL-DEV_properties_groupId": {
            "type": "string",
            "defaultValue": "sqlServer"
        },
        "EP-DWH-SQL-DEV_properties_fqdns": {
            "type": "array",
            "defaultValue": [
                "wb-sqlserver-middleware-dev.database.windows.net"
            ]
        },
        "containerUri": {
            "type": "string",
            "metadata": "URI naar opslagaccount met gekoppelde ARM-sjablonen"
        },
        "containerSasToken": {
            "type": "string",
            "metadata": "SAS-token naar opslagaccount met gekoppelde ARM-sjablonen"
        }
    },
    "variables": {
        "factoryId": "[concat('Microsoft.DataFactory/factories/', parameters('factoryName'))]"
    },
    "resources": [
        {
            "name": "WB-DF-Middleware-PROD_ArmTemplate_0",
            "type": "Microsoft.Resources/deployments",
            "apiVersion": "2018-02-01",
            "properties": {
                "mode": "incremental",
                "templateLink": {
                    "uri": "[concat(parameters('containerUri'), '/ArmTemplate_0.json', parameters('containerSasToken'))]",
                    "contentVersion": "1.0.0.0"
                },
                "parameters": {
                    "factoryName": {
                        "value": "[parameters('factoryName')]"
                    },
                    "LS_TopDesk_password": {
                        "value": "[parameters('LS_TopDesk_password')]"
                    },
                    "LS_SQL_Middleware_connectionString": {
                        "value": "[parameters('LS_SQL_Middleware_connectionString')]"
                    },
                    "LS_Cosmos_Middleware_connectionString": {
                        "value": "[parameters('LS_Cosmos_Middleware_connectionString')]"
                    },
                    "LS_Storage_Middleware_connectionString": {
                        "value": "[parameters('LS_Storage_Middleware_connectionString')]"
                    },
                    "When New Sentinel Incident Is Registered_properties_typeProperties_scope": {
                        "value": "[parameters('When New Sentinel Incident Is Registered_properties_typeProperties_scope')]"
                    },
                    "LS_TopDesk_properties_typeProperties_url": {
                        "value": "[parameters('LS_TopDesk_properties_typeProperties_url')]"
                    },
                    "LS_TopDesk_properties_typeProperties_userName": {
                        "value": "[parameters('LS_TopDesk_properties_typeProperties_userName')]"
                    },
                    "LS_Guardian360_properties_typeProperties_url": {
                        "value": "[parameters('LS_Guardian360_properties_typeProperties_url')]"
                    },
                    "EP-DWH-COsmosDB-PROD_properties_privateLinkResourceId": {
                        "value": "[parameters('EP-DWH-COsmosDB-PROD_properties_privateLinkResourceId')]"
                    },
                    "EP-DWH-COsmosDB-PROD_properties_groupId": {
                        "value": "[parameters('EP-DWH-COsmosDB-PROD_properties_groupId')]"
                    },
                    "EP-DWH-COsmosDB-PROD_properties_fqdns": {
                        "value": "[parameters('EP-DWH-COsmosDB-PROD_properties_fqdns')]"
                    },
                    "EP-DWH-SQL-PROD_properties_privateLinkResourceId": {
                        "value": "[parameters('EP-DWH-SQL-PROD_properties_privateLinkResourceId')]"
                    },
                    "EP-DWH-SQL-PROD_properties_groupId": {
                        "value": "[parameters('EP-DWH-SQL-PROD_properties_groupId')]"
                    },
                    "EP-DWH-SQL-PROD_properties_fqdns": {
                        "value": "[parameters('EP-DWH-SQL-PROD_properties_fqdns')]"
                    },
                    "EP-DWH-CosmosDB-DEV_properties_privateLinkResourceId": {
                        "value": "[parameters('EP-DWH-CosmosDB-DEV_properties_privateLinkResourceId')]"
                    },
                    "EP-DWH-CosmosDB-DEV_properties_groupId": {
                        "value": "[parameters('EP-DWH-CosmosDB-DEV_properties_groupId')]"
                    },
                    "EP-DWH-SQL-DEV_properties_privateLinkResourceId": {
                        "value": "[parameters('EP-DWH-SQL-DEV_properties_privateLinkResourceId')]"
                    },
                    "EP-DWH-SQL-DEV_properties_groupId": {
                        "value": "[parameters('EP-DWH-SQL-DEV_properties_groupId')]"
                    },
                    "EP-DWH-SQL-DEV_properties_fqdns": {
                        "value": "[parameters('EP-DWH-SQL-DEV_properties_fqdns')]"
                    }
                }
            },
            "dependsOn": []
        },
        {
            "name": "WB-DF-Middleware-PROD_ArmTemplate_1",
            "type": "Microsoft.Resources/deployments",
            "apiVersion": "2018-02-01",
            "properties": {
                "mode": "incremental",
                "templateLink": {
                    "uri": "[concat(parameters('containerUri'), '/ArmTemplate_1.json', parameters('containerSasToken'))]",
                    "contentVersion": "1.0.0.0"
                },
                "parameters": {
                    "factoryName": {
                        "value": "[parameters('factoryName')]"
                    }
                }
            },
            "dependsOn": [
                "[resourceId('Microsoft.Resources/deployments', 'WB-DF-Middleware-PROD_ArmTemplate_0')]"
            ]
        },
        {
            "name": "WB-DF-Middleware-PROD_ArmTemplate_2",
            "type": "Microsoft.Resources/deployments",
            "apiVersion": "2018-02-01",
            "properties": {
                "mode": "incremental",
                "templateLink": {
                    "uri": "[concat(parameters('containerUri'), '/ArmTemplate_2.json', parameters('containerSasToken'))]",
                    "contentVersion": "1.0.0.0"
                },
                "parameters": {
                    "factoryName": {
                        "value": "[parameters('factoryName')]"
                    }
                }
            },
            "dependsOn": [
                "[resourceId('Microsoft.Resources/deployments', 'WB-DF-Middleware-PROD_ArmTemplate_1')]"
            ]
        },
        {
            "name": "WB-DF-Middleware-PROD_ArmTemplate_3",
            "type": "Microsoft.Resources/deployments",
            "apiVersion": "2018-02-01",
            "properties": {
                "mode": "incremental",
                "templateLink": {
                    "uri": "[concat(parameters('containerUri'), '/ArmTemplate_3.json', parameters('containerSasToken'))]",
                    "contentVersion": "1.0.0.0"
                },
                "parameters": {
                    "factoryName": {
                        "value": "[parameters('factoryName')]"
                    }
                }
            },
            "dependsOn": [
                "[resourceId('Microsoft.Resources/deployments', 'WB-DF-Middleware-PROD_ArmTemplate_2')]"
            ]
        }
    ]
}