{
    "$schema": "http://schema.management.azure.com/schemas/2015-01-01/deploymentTemplate.json#",
    "contentVersion": "1.0.0.0",
    "parameters": {
        "factoryName": {
            "type": "string",
            "metadata": "Data Factory-naam",
            "defaultValue": "WB-DF-Middleware-PROD"
        }
    },
    "variables": {
        "factoryId": "[concat('Microsoft.DataFactory/factories/', parameters('factoryName'))]"
    },
    "resources": [
        {
            "name": "[concat(parameters('factoryName'), '/G360 General')]",
            "type": "Microsoft.DataFactory/factories/pipelines",
            "apiVersion": "2018-06-01",
            "properties": {
                "activities": [
                    {
                        "name": "GetBearerToken",
                        "type": "WebActivity",
                        "dependsOn": [],
                        "policy": {
                            "timeout": "7.00:00:00",
                            "retry": 0,
                            "retryIntervalInSeconds": 30,
                            "secureOutput": false,
                            "secureInput": false
                        },
                        "userProperties": [],
                        "typeProperties": {
                            "url": "https://api.guardian360.dev/oauth/token",
                            "method": "POST",
                            "headers": {
                                "Content-Type": "application/json"
                            },
                            "body": {
                                "grant_type": "client_credentials",
                                "client_id": "02aedbb5-a4d5-468a-ba22-59f4b0a23f14",
                                "client_secret": "cJbI6CyzyTLc0OIaw0hsDV8wDaqVuVMD9FGLMhV1"
                            }
                        }
                    },
                    {
                        "name": "Transfer Tickets from Staging to Data Warehouse",
                        "description": "Reads the CosmosDB Staging JSON, loads the data into the SQL datawarehouse and sets each record to Insert, Update or do nothing (if it exists already)",
                        "type": "ExecuteDataFlow",
                        "dependsOn": [
                            {
                                "activity": "CopyHackerAlertsToCosmos",
                                "dependencyConditions": [
                                    "Succeeded"
                                ]
                            }
                        ],
                        "policy": {
                            "timeout": "1.00:00:00",
                            "retry": 0,
                            "retryIntervalInSeconds": 30,
                            "secureOutput": false,
                            "secureInput": false
                        },
                        "userProperties": [],
                        "typeProperties": {
                            "dataflow": {
                                "referenceName": "G360HackerAlerts_CosmosToSQL",
                                "type": "DataFlowReference",
                                "parameters": {},
                                "datasetParameters": {
                                    "GetHackerAlertsFromCosmos": {},
                                    "GetHackerAlertsFromSQL": {},
                                    "WriteHackerAlertsToSQL": {}
                                }
                            },
                            "staging": {},
                            "integrationRuntime": {
                                "referenceName": "MiddlewareRuntime",
                                "type": "IntegrationRuntimeReference"
                            },
                            "traceLevel": "Fine"
                        }
                    },
                    {
                        "name": "Generate Insert Table",
                        "description": "Reads the Data Warehouse SQL table and selects which records should be Inserted, then puts them in a temporary table",
                        "type": "ExecuteDataFlow",
                        "dependsOn": [
                            {
                                "activity": "Transfer Tickets from Staging to Data Warehouse",
                                "dependencyConditions": [
                                    "Succeeded"
                                ]
                            }
                        ],
                        "policy": {
                            "timeout": "1.00:00:00",
                            "retry": 0,
                            "retryIntervalInSeconds": 30,
                            "secureOutput": false,
                            "secureInput": false
                        },
                        "userProperties": [],
                        "typeProperties": {
                            "dataflow": {
                                "referenceName": "G360HackerAlerts_CreateTempSQL",
                                "type": "DataFlowReference",
                                "parameters": {},
                                "datasetParameters": {
                                    "GetHackerAlertsFromCosmos": {},
                                    "GetConfiguration": {},
                                    "WriteHackerAlertsToSQLInsert": {}
                                }
                            },
                            "staging": {},
                            "integrationRuntime": {
                                "referenceName": "MiddlewareRuntime",
                                "type": "IntegrationRuntimeReference"
                            },
                            "traceLevel": "Fine"
                        }
                    },
                    {
                        "name": "CopyHackerAlertsToCosmos",
                        "type": "Copy",
                        "dependsOn": [
                            {
                                "activity": "GetBearerToken",
                                "dependencyConditions": [
                                    "Succeeded"
                                ]
                            }
                        ],
                        "policy": {
                            "timeout": "7.00:00:00",
                            "retry": 0,
                            "retryIntervalInSeconds": 30,
                            "secureOutput": false,
                            "secureInput": false
                        },
                        "userProperties": [],
                        "typeProperties": {
                            "source": {
                                "type": "RestSource",
                                "httpRequestTimeout": "00:01:40",
                                "requestInterval": "00.00:00:00.010",
                                "requestMethod": "GET",
                                "additionalHeaders": {
                                    "Authorization": {
                                        "value": "@concat('Bearer ',activity('GetBearerToken').output.access_token)",
                                        "type": "Expression"
                                    }
                                }
                            },
                            "sink": {
                                "type": "RestSink",
                                "httpRequestTimeout": "00:01:40",
                                "requestInterval": 10,
                                "requestMethod": "POST",
                                "writeBatchSize": 10000,
                                "httpCompressionType": "none",
                                "writeBehavior": "upsert",
                                "disableMetricsCollection": false
                            },
                            "enableStaging": false,
                            "translator": {
                                "type": "TabularTranslator",
                                "mappings": [
                                    {
                                        "source": {
                                            "path": "[['id']"
                                        },
                                        "sink": {
                                            "path": "$['id']"
                                        }
                                    },
                                    {
                                        "source": {
                                            "path": "[['dst_port']"
                                        },
                                        "sink": {
                                            "path": "$['destination_port']"
                                        }
                                    },
                                    {
                                        "source": {
                                            "path": "[['src_host']"
                                        },
                                        "sink": {
                                            "path": "$['source_host']"
                                        }
                                    },
                                    {
                                        "source": {
                                            "path": "[['src_port']"
                                        },
                                        "sink": {
                                            "path": "$['source_port']"
                                        }
                                    },
                                    {
                                        "source": {
                                            "path": "[['created_at']"
                                        },
                                        "sink": {
                                            "path": "$['created_at']"
                                        }
                                    },
                                    {
                                        "source": {
                                            "path": "[['hackerAlertAppliance']"
                                        },
                                        "sink": {
                                            "path": "$['hackerAlertAppliance']"
                                        }
                                    }
                                ],
                                "collectionReference": "$['data']['items']"
                            }
                        },
                        "inputs": [
                            {
                                "referenceName": "Guardian360_HackerAlerts",
                                "type": "DatasetReference",
                                "parameters": {}
                            }
                        ],
                        "outputs": [
                            {
                                "referenceName": "Cosmos_G360HackerAlerts",
                                "type": "DatasetReference",
                                "parameters": {}
                            }
                        ]
                    },
                    {
                        "name": "ForEveryEntryToInsert",
                        "type": "Lookup",
                        "dependsOn": [
                            {
                                "activity": "Generate Insert Table",
                                "dependencyConditions": [
                                    "Succeeded"
                                ]
                            }
                        ],
                        "policy": {
                            "timeout": "7.00:00:00",
                            "retry": 0,
                            "retryIntervalInSeconds": 30,
                            "secureOutput": false,
                            "secureInput": false
                        },
                        "userProperties": [],
                        "typeProperties": {
                            "source": {
                                "type": "AzureSqlSource",
                                "queryTimeout": "02:00:00",
                                "partitionOption": "None"
                            },
                            "dataset": {
                                "referenceName": "SQL_G360HackerAlerts_TempInsert",
                                "type": "DatasetReference",
                                "parameters": {}
                            },
                            "firstRowOnly": false
                        }
                    },
                    {
                        "name": "ForEach1",
                        "type": "ForEach",
                        "dependsOn": [
                            {
                                "activity": "ForEveryEntryToInsert",
                                "dependencyConditions": [
                                    "Succeeded"
                                ]
                            }
                        ],
                        "userProperties": [],
                        "typeProperties": {
                            "items": {
                                "value": "@activity('ForEveryEntryToInsert').output.value",
                                "type": "Expression"
                            },
                            "activities": [
                                {
                                    "name": "CreateTicketInTopdesk",
                                    "type": "WebActivity",
                                    "dependsOn": [],
                                    "policy": {
                                        "timeout": "7.00:00:00",
                                        "retry": 0,
                                        "retryIntervalInSeconds": 30,
                                        "secureOutput": false,
                                        "secureInput": false
                                    },
                                    "userProperties": [],
                                    "typeProperties": {
                                        "url": "https://servicedesk-woonbedrijf.topdesk.net/tas/api/incidents",
                                        "method": "POST",
                                        "headers": {
                                            "Authorization": "Basic ZmFfYXBpX3RvcGRlc2s6aGRscm0tNnl5bHUtbm52eHctNWc2YWEtdWhwems="
                                        },
                                        "body": {
                                            "value": "@concat('\n{\n\"callerLookup\":{\"id\":\"', item().afzender, '\"},\n\"status\":\"', item().status, '\",\n\"briefDescription\":\"', item().briefDescription, '\",\n\"request\": \"', item().request, '\",\n\"callType\":{\"name\":\"', item().callType, '\"},\n\"category\":{\"name\":\"', item().category, '\"},\n\"subcategory\":{\"name\":\"', item().subcategory, '\"},\n\"externalNumber\":\"', item().GuardianID, '\",\n\"entryType\":{\"id\":\"', item().entry, '\"},\n\"impact\":{\"id\":\"', item().impact, '\"},\n\"urgency\":{\"id\":\"', item().urgency, '\"},\n\"operatorGroup\":{\"id\":\"', item().operatorGroup, '\"},\n\"operator\":{\"id\":\"', item().operator, '\"},\n\"closed\": true,\n\"closedDate\": \"2021-10-07T05:30:34.000Z\"\n}\n')",
                                            "type": "Expression"
                                        }
                                    }
                                },
                                {
                                    "name": "LoadTopdeskIDInDataWarehouse",
                                    "type": "ExecuteDataFlow",
                                    "dependsOn": [
                                        {
                                            "activity": "CreateTicketInTopdesk",
                                            "dependencyConditions": [
                                                "Succeeded"
                                            ]
                                        }
                                    ],
                                    "policy": {
                                        "timeout": "1.00:00:00",
                                        "retry": 0,
                                        "retryIntervalInSeconds": 30,
                                        "secureOutput": false,
                                        "secureInput": false
                                    },
                                    "userProperties": [],
                                    "typeProperties": {
                                        "dataflow": {
                                            "referenceName": "G360HackerAlerts_UpdateTopdeskID",
                                            "type": "DataFlowReference",
                                            "parameters": {
                                                "GuardianID": {
                                                    "value": "'@{item().GuardianID}'",
                                                    "type": "Expression"
                                                },
                                                "TopDeskID": {
                                                    "value": "'@{activity('CreateTicketInTopdesk').output.id}'",
                                                    "type": "Expression"
                                                },
                                                "TopDeskNumber": {
                                                    "value": "'@{activity('CreateTicketInTopdesk').output.number}'",
                                                    "type": "Expression"
                                                }
                                            },
                                            "datasetParameters": {
                                                "LoadHackerAlerts": {},
                                                "UpdateHackerAlerts": {}
                                            }
                                        },
                                        "staging": {},
                                        "integrationRuntime": {
                                            "referenceName": "MiddlewareRuntime",
                                            "type": "IntegrationRuntimeReference"
                                        },
                                        "traceLevel": "Fine"
                                    }
                                }
                            ]
                        }
                    },
                    {
                        "name": "CopyIssuesToCosmos",
                        "type": "Copy",
                        "dependsOn": [
                            {
                                "activity": "GetBearerToken",
                                "dependencyConditions": [
                                    "Succeeded"
                                ]
                            }
                        ],
                        "policy": {
                            "timeout": "7.00:00:00",
                            "retry": 0,
                            "retryIntervalInSeconds": 30,
                            "secureOutput": false,
                            "secureInput": false
                        },
                        "userProperties": [],
                        "typeProperties": {
                            "source": {
                                "type": "RestSource",
                                "httpRequestTimeout": "00:01:40",
                                "requestInterval": "00.00:00:00.010",
                                "requestMethod": "GET",
                                "additionalHeaders": {
                                    "Authorization": {
                                        "value": "@concat('Bearer ',activity('GetBearerToken').output.access_token)",
                                        "type": "Expression"
                                    }
                                }
                            },
                            "sink": {
                                "type": "RestSink",
                                "httpRequestTimeout": "00:01:40",
                                "requestInterval": 10,
                                "requestMethod": "POST",
                                "writeBatchSize": 10000,
                                "httpCompressionType": "none",
                                "writeBehavior": "upsert",
                                "disableMetricsCollection": false
                            },
                            "enableStaging": false,
                            "translator": {
                                "type": "TabularTranslator",
                                "mappings": [
                                    {
                                        "source": {
                                            "path": "[['id']"
                                        },
                                        "sink": {
                                            "path": "$['id']"
                                        }
                                    },
                                    {
                                        "source": {
                                            "path": "[['issue']"
                                        },
                                        "sink": {
                                            "path": "$['issue']"
                                        }
                                    },
                                    {
                                        "source": {
                                            "path": "[['risk']"
                                        },
                                        "sink": {
                                            "path": "$['risk']"
                                        }
                                    },
                                    {
                                        "source": {
                                            "path": "[['ip']"
                                        },
                                        "sink": {
                                            "path": "$['ip']"
                                        }
                                    },
                                    {
                                        "source": {
                                            "path": "[['port']"
                                        },
                                        "sink": {
                                            "path": "$['port']"
                                        }
                                    },
                                    {
                                        "source": {
                                            "path": "[['first_detected_at']"
                                        },
                                        "sink": {
                                            "path": "$['first_detected_at']"
                                        }
                                    },
                                    {
                                        "source": {
                                            "path": "[['last_detected_at']"
                                        },
                                        "sink": {
                                            "path": "$['last_detected_at']"
                                        }
                                    },
                                    {
                                        "source": {
                                            "path": "[['company']"
                                        },
                                        "sink": {
                                            "path": "$['company']"
                                        }
                                    },
                                    {
                                        "source": {
                                            "path": "[['nonconformity']"
                                        },
                                        "sink": {
                                            "path": "$['nonconformity']"
                                        }
                                    },
                                    {
                                        "source": {
                                            "path": "[['scanobject']"
                                        },
                                        "sink": {
                                            "path": "$['scanobject']"
                                        }
                                    },
                                    {
                                        "source": {
                                            "path": "[['reference']"
                                        },
                                        "sink": {
                                            "path": "$['reference']"
                                        }
                                    }
                                ],
                                "collectionReference": "$['data']['items']"
                            }
                        },
                        "inputs": [
                            {
                                "referenceName": "Guardian360_Issues",
                                "type": "DatasetReference",
                                "parameters": {}
                            }
                        ],
                        "outputs": [
                            {
                                "referenceName": "Cosmos_G360Issues",
                                "type": "DatasetReference",
                                "parameters": {}
                            }
                        ]
                    },
                    {
                        "name": "LookupAllIssues",
                        "type": "Lookup",
                        "dependsOn": [
                            {
                                "activity": "CopyIssuesToCosmos",
                                "dependencyConditions": [
                                    "Succeeded"
                                ]
                            }
                        ],
                        "policy": {
                            "timeout": "7.00:00:00",
                            "retry": 0,
                            "retryIntervalInSeconds": 30,
                            "secureOutput": false,
                            "secureInput": false
                        },
                        "userProperties": [],
                        "typeProperties": {
                            "source": {
                                "type": "CosmosDbSqlApiSource",
                                "preferredRegions": []
                            },
                            "dataset": {
                                "referenceName": "Cosmos_G360Issues",
                                "type": "DatasetReference",
                                "parameters": {}
                            },
                            "firstRowOnly": false
                        }
                    },
                    {
                        "name": "Guardian360 CosmosToSQL",
                        "type": "ExecuteDataFlow",
                        "dependsOn": [
                            {
                                "activity": "ForEach1_copy1",
                                "dependencyConditions": [
                                    "Succeeded"
                                ]
                            }
                        ],
                        "policy": {
                            "timeout": "1.00:00:00",
                            "retry": 0,
                            "retryIntervalInSeconds": 30,
                            "secureOutput": false,
                            "secureInput": false
                        },
                        "userProperties": [],
                        "typeProperties": {
                            "dataflow": {
                                "referenceName": "G360Issues_CosmosToSQL",
                                "type": "DataFlowReference",
                                "parameters": {},
                                "datasetParameters": {
                                    "GetIssuesFromCosmos": {},
                                    "GetIssuesFromSQL": {},
                                    "WriteIssuesToSQL": {},
                                    "UpdateIssuesInSQL": {},
                                    "UpdateIssuesToClose": {}
                                }
                            },
                            "staging": {},
                            "integrationRuntime": {
                                "referenceName": "MiddlewareRuntime",
                                "type": "IntegrationRuntimeReference"
                            },
                            "traceLevel": "Fine"
                        }
                    },
                    {
                        "name": "ForEach1_copy1",
                        "type": "ForEach",
                        "dependsOn": [
                            {
                                "activity": "LookupAllIssues",
                                "dependencyConditions": [
                                    "Succeeded"
                                ]
                            }
                        ],
                        "userProperties": [],
                        "typeProperties": {
                            "items": {
                                "value": "@activity('LookupAllIssues').output.value",
                                "type": "Expression"
                            },
                            "activities": [
                                {
                                    "name": "CopyIssuesToCosmos_copy1",
                                    "type": "Copy",
                                    "dependsOn": [],
                                    "policy": {
                                        "timeout": "7.00:00:00",
                                        "retry": 0,
                                        "retryIntervalInSeconds": 30,
                                        "secureOutput": false,
                                        "secureInput": false
                                    },
                                    "userProperties": [],
                                    "typeProperties": {
                                        "source": {
                                            "type": "RestSource",
                                            "httpRequestTimeout": "00:01:40",
                                            "requestInterval": "00.00:00:00.010",
                                            "requestMethod": "GET",
                                            "additionalHeaders": {
                                                "Authorization": {
                                                    "value": "@concat('Bearer ',activity('GetBearerToken').output.access_token)",
                                                    "type": "Expression"
                                                }
                                            }
                                        },
                                        "sink": {
                                            "type": "RestSink",
                                            "httpRequestTimeout": "00:01:40",
                                            "requestInterval": 10,
                                            "requestMethod": "POST",
                                            "writeBatchSize": 10000,
                                            "httpCompressionType": "none",
                                            "writeBehavior": "upsert",
                                            "disableMetricsCollection": false
                                        },
                                        "enableStaging": false,
                                        "translator": {
                                            "type": "TabularTranslator",
                                            "mappings": [
                                                {
                                                    "source": {
                                                        "path": "$['data']['id']"
                                                    },
                                                    "sink": {
                                                        "path": "$['id']"
                                                    }
                                                },
                                                {
                                                    "source": {
                                                        "path": "$['data']['issue']"
                                                    },
                                                    "sink": {
                                                        "path": "$['issue']"
                                                    }
                                                },
                                                {
                                                    "source": {
                                                        "path": "$['data']['description']"
                                                    },
                                                    "sink": {
                                                        "path": "$['description']"
                                                    }
                                                },
                                                {
                                                    "source": {
                                                        "path": "$['data']['solution']"
                                                    },
                                                    "sink": {
                                                        "path": "$['solution']"
                                                    }
                                                },
                                                {
                                                    "source": {
                                                        "path": "$['data']['scanobject']"
                                                    },
                                                    "sink": {
                                                        "path": "$['scanobject']"
                                                    }
                                                },
                                                {
                                                    "source": {
                                                        "path": "$['data']['port']"
                                                    },
                                                    "sink": {
                                                        "path": "$['port']"
                                                    }
                                                },
                                                {
                                                    "source": {
                                                        "path": "$['data']['risk']"
                                                    },
                                                    "sink": {
                                                        "path": "$['risk']"
                                                    }
                                                },
                                                {
                                                    "source": {
                                                        "path": "$['data']['tech_details']"
                                                    },
                                                    "sink": {
                                                        "path": "$['tech_details']"
                                                    }
                                                },
                                                {
                                                    "source": {
                                                        "path": "$['data']['first_date']"
                                                    },
                                                    "sink": {
                                                        "path": "$['first_date']"
                                                    }
                                                },
                                                {
                                                    "source": {
                                                        "path": "$['data']['updated_at']"
                                                    },
                                                    "sink": {
                                                        "path": "$['updated_at']"
                                                    }
                                                },
                                                {
                                                    "source": {
                                                        "path": "$['data']['created_at']"
                                                    },
                                                    "sink": {
                                                        "path": "$['created_at']"
                                                    }
                                                },
                                                {
                                                    "source": {
                                                        "path": "$['data']['ssl']"
                                                    },
                                                    "sink": {
                                                        "path": "$['ssl']"
                                                    }
                                                },
                                                {
                                                    "source": {
                                                        "path": "$['data']['reference']"
                                                    },
                                                    "sink": {
                                                        "path": "$['reference']"
                                                    }
                                                },
                                                {
                                                    "source": {
                                                        "path": "$['data']['ip']"
                                                    },
                                                    "sink": {
                                                        "path": "$['ip']"
                                                    }
                                                },
                                                {
                                                    "source": {
                                                        "path": "$['data']['fqdn']"
                                                    },
                                                    "sink": {
                                                        "path": "$['fqdn']"
                                                    }
                                                },
                                                {
                                                    "source": {
                                                        "path": "$['data']['nonconformity']"
                                                    },
                                                    "sink": {
                                                        "path": "$['nonconformity']"
                                                    }
                                                },
                                                {
                                                    "source": {
                                                        "path": "$['data']['company']"
                                                    },
                                                    "sink": {
                                                        "path": "$['company']"
                                                    }
                                                }
                                            ],
                                            "collectionReference": ""
                                        }
                                    },
                                    "inputs": [
                                        {
                                            "referenceName": "Guardian360_IssuesDetail",
                                            "type": "DatasetReference",
                                            "parameters": {
                                                "ID": {
                                                    "value": "@item().id",
                                                    "type": "Expression"
                                                }
                                            }
                                        }
                                    ],
                                    "outputs": [
                                        {
                                            "referenceName": "Cosmos_G360IssueDetails",
                                            "type": "DatasetReference",
                                            "parameters": {}
                                        }
                                    ]
                                }
                            ]
                        }
                    },
                    {
                        "name": "Generate Insert Table_copy1",
                        "description": "Reads the Data Warehouse SQL table and selects which records should be Inserted, then puts them in a temporary table",
                        "type": "ExecuteDataFlow",
                        "dependsOn": [
                            {
                                "activity": "Guardian360 CosmosToSQL",
                                "dependencyConditions": [
                                    "Succeeded"
                                ]
                            }
                        ],
                        "policy": {
                            "timeout": "1.00:00:00",
                            "retry": 0,
                            "retryIntervalInSeconds": 30,
                            "secureOutput": false,
                            "secureInput": false
                        },
                        "userProperties": [],
                        "typeProperties": {
                            "dataflow": {
                                "referenceName": "G360Issues_CreateTempSQL",
                                "type": "DataFlowReference",
                                "parameters": {},
                                "datasetParameters": {
                                    "GetIssuesAlertsFromSQL": {},
                                    "GetConfiguration": {},
                                    "WriteIssuesToSQLInsert": {},
                                    "WriteIssuesToSQLUpdate": {}
                                }
                            },
                            "staging": {},
                            "integrationRuntime": {
                                "referenceName": "MiddlewareRuntime",
                                "type": "IntegrationRuntimeReference"
                            },
                            "traceLevel": "Fine"
                        }
                    },
                    {
                        "name": "Backup Cosmos",
                        "type": "ExecuteDataFlow",
                        "dependsOn": [
                            {
                                "activity": "Guardian360 CosmosToSQL",
                                "dependencyConditions": [
                                    "Succeeded"
                                ]
                            }
                        ],
                        "policy": {
                            "timeout": "1.00:00:00",
                            "retry": 0,
                            "retryIntervalInSeconds": 30,
                            "secureOutput": false,
                            "secureInput": false
                        },
                        "userProperties": [],
                        "typeProperties": {
                            "dataflow": {
                                "referenceName": "G360Issues_BackupCosmos",
                                "type": "DataFlowReference",
                                "parameters": {},
                                "datasetParameters": {
                                    "ReadFromCosmos": {},
                                    "BackupCosmos": {}
                                }
                            },
                            "staging": {},
                            "integrationRuntime": {
                                "referenceName": "MiddlewareRuntime",
                                "type": "IntegrationRuntimeReference"
                            },
                            "traceLevel": "Fine"
                        }
                    },
                    {
                        "name": "Create Tickets in TopDesk from Data Warehouse",
                        "description": "Based on ",
                        "type": "ExecutePipeline",
                        "dependsOn": [
                            {
                                "activity": "Generate Insert Table_copy1",
                                "dependencyConditions": [
                                    "Succeeded"
                                ]
                            }
                        ],
                        "userProperties": [],
                        "typeProperties": {
                            "pipeline": {
                                "referenceName": "G360Issues_4_SQLToTickets",
                                "type": "PipelineReference"
                            },
                            "waitOnCompletion": true,
                            "parameters": {}
                        }
                    }
                ],
                "policy": {
                    "elapsedTimeMetric": {},
                    "cancelAfter": {}
                },
                "folder": {
                    "name": "Guardian360_To_TopDesk_Alt"
                },
                "annotations": [],
                "lastPublishTime": "2022-07-01T11:13:04Z"
            },
            "dependsOn": []
        },
        {
            "name": "[concat(parameters('factoryName'), '/Daily1AM')]",
            "type": "Microsoft.DataFactory/factories/triggers",
            "apiVersion": "2018-06-01",
            "properties": {
                "annotations": [],
                "runtimeState": "Started",
                "pipelines": [
                    {
                        "pipelineReference": {
                            "referenceName": "SentinelIncidents-TopDesk_Full",
                            "type": "PipelineReference"
                        },
                        "parameters": {}
                    },
                    {
                        "pipelineReference": {
                            "referenceName": "G360 General",
                            "type": "PipelineReference"
                        },
                        "parameters": {}
                    }
                ],
                "type": "ScheduleTrigger",
                "typeProperties": {
                    "recurrence": {
                        "frequency": "Day",
                        "interval": 1,
                        "startTime": "2021-08-18T01:00:00",
                        "timeZone": "W. Europe Standard Time",
                        "schedule": {
                            "minutes": [
                                0
                            ],
                            "hours": [
                                1
                            ]
                        }
                    }
                }
            },
            "dependsOn": [
                "[concat(variables('factoryId'), '/pipelines/G360 General')]"
            ]
        }
    ]
}