{
    "$schema": "https://schema.management.azure.com/schemas/2015-01-01/deploymentParameters.json#",
    "contentVersion": "1.0.0.0",
    "parameters": {
        "factoryName": {
            "value": "WB-DF-Middleware-PROD"
        },
        "LS_TopDesk_password": {
            "value": ""
        },
        "LS_SQL_Middleware_connectionString": {
            "value": ""
        },
        "LS_Cosmos_Middleware_connectionString": {
            "value": ""
        },
        "LS_Storage_Middleware_connectionString": {
            "value": ""
        },
        "When New Sentinel Incident Is Registered_properties_typeProperties_scope": {
            "value": "/subscriptions/722c12b9-7929-4f72-ad03-f945dbdbdb53/resourceGroups/WB-RSG_Middleware_Databases_PROD/providers/Microsoft.Storage/storageAccounts/sawbmiddlewareprod"
        },
        "LS_TopDesk_properties_typeProperties_url": {
            "value": "https://servicedesk-woonbedrijf.topdesk.net/tas/api"
        },
        "LS_TopDesk_properties_typeProperties_userName": {
            "value": "fa_api_topdesk"
        },
        "LS_Guardian360_properties_typeProperties_url": {
            "value": "https://api.guardian360.dev/api/V1"
        },
        "EP-DWH-COsmosDB-PROD_properties_privateLinkResourceId": {
            "value": "/subscriptions/722c12b9-7929-4f72-ad03-f945dbdbdb53/resourceGroups/WB-RSG_Middleware_Databases_PROD/providers/Microsoft.DocumentDb/databaseAccounts/wb-cosmosdb-middleware-prod"
        },
        "EP-DWH-COsmosDB-PROD_properties_groupId": {
            "value": "Sql"
        },
        "EP-DWH-COsmosDB-PROD_properties_fqdns": {
            "value": [
                "wb-cosmosdb-middleware-prod-westeurope.documents.azure.com"
            ]
        },
        "EP-DWH-SQL-PROD_properties_privateLinkResourceId": {
            "value": "/subscriptions/722c12b9-7929-4f72-ad03-f945dbdbdb53/resourceGroups/WB-RSG_Middleware_Databases_PROD/providers/Microsoft.Sql/servers/wb-sqlserver-middleware-prod"
        },
        "EP-DWH-SQL-PROD_properties_groupId": {
            "value": "sqlServer"
        },
        "EP-DWH-SQL-PROD_properties_fqdns": {
            "value": [
                "wb-sqlserver-middleware-prod.database.windows.net"
            ]
        },
        "EP-DWH-CosmosDB-DEV_properties_privateLinkResourceId": {
            "value": "/subscriptions/722c12b9-7929-4f72-ad03-f945dbdbdb53/resourceGroups/WB-RSG_Middleware_Databases_DEV/providers/Microsoft.DocumentDb/databaseAccounts/wb-cosmosdb-middleware-dev"
        },
        "EP-DWH-CosmosDB-DEV_properties_groupId": {
            "value": "Sql"
        },
        "EP-DWH-SQL-DEV_properties_privateLinkResourceId": {
            "value": "/subscriptions/722c12b9-7929-4f72-ad03-f945dbdbdb53/resourceGroups/WB-RSG_Middleware_Databases_DEV/providers/Microsoft.Sql/servers/wb-sqlserver-middleware-dev"
        },
        "EP-DWH-SQL-DEV_properties_groupId": {
            "value": "sqlServer"
        },
        "EP-DWH-SQL-DEV_properties_fqdns": {
            "value": [
                "wb-sqlserver-middleware-dev.database.windows.net"
            ]
        }
    }
}